[{"pp3year":"2566","level":"ม.6","schools_province":"กระบี่","totalmale":"340","totalfemale":"633","totalstd":"973"},{"pp3year":"2566","level":"ม.6","schools_province":"กรุงเทพมหานคร","totalmale":"4094","totalfemale":"6491","totalstd":"10585"},{"pp3year":"2566","level":"ม.6","schools_province":"กาญจนบุรี","totalmale":"725","totalfemale":"1198","totalstd":"1923"},{"pp3year":"2566","level":"ม.6","schools_province":"กาฬสินธุ์","totalmale":"751","totalfemale":"1359","totalstd":"2110"},{"pp3year":"2566","level":"ม.6","schools_province":"กำแพงเพชร","totalmale":"825","totalfemale":"1240","totalstd":"2065"},{"pp3year":"2566","level":"ม.6","schools_province":"ขอนแก่น","totalmale":"680","totalfemale":"1024","totalstd":"1704"},{"pp3year":"2566","level":"ม.6","schools_province":"จันทบุรี","totalmale":"750","totalfemale":"885","totalstd":"1635"},{"pp3year":"2566","level":"ม.6","schools_province":"ฉะเชิงเทรา","totalmale":"612","totalfemale":"763","totalstd":"1375"},{"pp3year":"2566","level":"ม.6","schools_province":"ชลบุรี","totalmale":"2102","totalfemale":"3827","totalstd":"5929"},{"pp3year":"2566","level":"ม.6","schools_province":"ชัยนาท","totalmale":"353","totalfemale":"617","totalstd":"970"},{"pp3year":"2566","level":"ม.6","schools_province":"ชัยภูมิ","totalmale":"446","totalfemale":"579","totalstd":"1025"},{"pp3year":"2566","level":"ม.6","schools_province":"ชุมพร","totalmale":"783","totalfemale":"1287","totalstd":"2070"},{"pp3year":"2566","level":"ม.6","schools_province":"ตรัง","totalmale":"1079","totalfemale":"1786","totalstd":"2865"},{"pp3year":"2566","level":"ม.6","schools_province":"ตราด","totalmale":"296","totalfemale":"536","totalstd":"832"},{"pp3year":"2566","level":"ม.6","schools_province":"ตาก","totalmale":"675","totalfemale":"1266","totalstd":"1941"},{"pp3year":"2566","level":"ม.6","schools_province":"นครนายก","totalmale":"95","totalfemale":"144","totalstd":"239"},{"pp3year":"2566","level":"ม.6","schools_province":"นครปฐม","totalmale":"1170","totalfemale":"1280","totalstd":"2450"},{"pp3year":"2566","level":"ม.6","schools_province":"นครพนม","totalmale":"869","totalfemale":"1497","totalstd":"2366"},{"pp3year":"2566","level":"ม.6","schools_province":"นครราชสีมา","totalmale":"1073","totalfemale":"2522","totalstd":"3595"},{"pp3year":"2566","level":"ม.6","schools_province":"นครศรีธรรมราช","totalmale":"1849","totalfemale":"3259","totalstd":"5108"},{"pp3year":"2566","level":"ม.6","schools_province":"นครสวรรค์","totalmale":"644","totalfemale":"1024","totalstd":"1668"},{"pp3year":"2566","level":"ม.6","schools_province":"นนทบุรี","totalmale":"803","totalfemale":"1346","totalstd":"2149"},{"pp3year":"2566","level":"ม.6","schools_province":"นราธิวาส","totalmale":"468","totalfemale":"823","totalstd":"1291"},{"pp3year":"2566","level":"ม.6","schools_province":"น่าน","totalmale":"475","totalfemale":"661","totalstd":"1136"},{"pp3year":"2566","level":"ม.6","schools_province":"บึงกาฬ","totalmale":"378","totalfemale":"745","totalstd":"1123"},{"pp3year":"2566","level":"ม.6","schools_province":"บุรีรัมย์","totalmale":"1330","totalfemale":"2425","totalstd":"3755"},{"pp3year":"2566","level":"ม.6","schools_province":"ปทุมธานี","totalmale":"1615","totalfemale":"2085","totalstd":"3700"},{"pp3year":"2566","level":"ม.6","schools_province":"ประจวบคีรีขันธ์","totalmale":"446","totalfemale":"798","totalstd":"1244"},{"pp3year":"2566","level":"ม.6","schools_province":"ปราจีนบุรี","totalmale":"669","totalfemale":"1214","totalstd":"1883"},{"pp3year":"2566","level":"ม.6","schools_province":"ปัตตานี","totalmale":"187","totalfemale":"368","totalstd":"555"},{"pp3year":"2566","level":"ม.6","schools_province":"พระนครศรีอยุธยา","totalmale":"893","totalfemale":"1416","totalstd":"2309"},{"pp3year":"2566","level":"ม.6","schools_province":"พะเยา","totalmale":"236","totalfemale":"373","totalstd":"609"},{"pp3year":"2566","level":"ม.6","schools_province":"พังงา","totalmale":"131","totalfemale":"195","totalstd":"326"},{"pp3year":"2566","level":"ม.6","schools_province":"พัทลุง","totalmale":"391","totalfemale":"594","totalstd":"985"},{"pp3year":"2566","level":"ม.6","schools_province":"พิจิตร","totalmale":"608","totalfemale":"986","totalstd":"1594"},{"pp3year":"2566","level":"ม.6","schools_province":"พิษณุโลก","totalmale":"846","totalfemale":"1065","totalstd":"1911"},{"pp3year":"2566","level":"ม.6","schools_province":"ภูเก็ต","totalmale":"184","totalfemale":"587","totalstd":"771"},{"pp3year":"2566","level":"ม.6","schools_province":"มหาสารคาม","totalmale":"594","totalfemale":"964","totalstd":"1558"},{"pp3year":"2566","level":"ม.6","schools_province":"มุกดาหาร","totalmale":"235","totalfemale":"400","totalstd":"635"},{"pp3year":"2566","level":"ม.6","schools_province":"ยะลา","totalmale":"29","totalfemale":"73","totalstd":"102"},{"pp3year":"2566","level":"ม.6","schools_province":"ยโสธร","totalmale":"288","totalfemale":"511","totalstd":"799"},{"pp3year":"2566","level":"ม.6","schools_province":"ระนอง","totalmale":"325","totalfemale":"576","totalstd":"901"},{"pp3year":"2566","level":"ม.6","schools_province":"ระยอง","totalmale":"1210","totalfemale":"2124","totalstd":"3334"},{"pp3year":"2566","level":"ม.6","schools_province":"ราชบุรี","totalmale":"964","totalfemale":"1554","totalstd":"2518"},{"pp3year":"2566","level":"ม.6","schools_province":"ร้อยเอ็ด","totalmale":"613","totalfemale":"982","totalstd":"1595"},{"pp3year":"2566","level":"ม.6","schools_province":"ลพบุรี","totalmale":"413","totalfemale":"714","totalstd":"1127"},{"pp3year":"2566","level":"ม.6","schools_province":"ลำปาง","totalmale":"426","totalfemale":"688","totalstd":"1114"},{"pp3year":"2566","level":"ม.6","schools_province":"ลำพูน","totalmale":"230","totalfemale":"354","totalstd":"584"},{"pp3year":"2566","level":"ม.6","schools_province":"ศรีสะเกษ","totalmale":"657","totalfemale":"1368","totalstd":"2025"},{"pp3year":"2566","level":"ม.6","schools_province":"สกลนคร","totalmale":"836","totalfemale":"1867","totalstd":"2703"},{"pp3year":"2566","level":"ม.6","schools_province":"สงขลา","totalmale":"893","totalfemale":"1485","totalstd":"2378"},{"pp3year":"2566","level":"ม.6","schools_province":"สตูล","totalmale":"350","totalfemale":"807","totalstd":"1157"},{"pp3year":"2566","level":"ม.6","schools_province":"สมุทรปราการ","totalmale":"788","totalfemale":"1195","totalstd":"1983"},{"pp3year":"2566","level":"ม.6","schools_province":"สมุทรสงคราม","totalmale":"101","totalfemale":"140","totalstd":"241"},{"pp3year":"2566","level":"ม.6","schools_province":"สมุทรสาคร","totalmale":"368","totalfemale":"473","totalstd":"841"},{"pp3year":"2566","level":"ม.6","schools_province":"สระบุรี","totalmale":"674","totalfemale":"1089","totalstd":"1763"},{"pp3year":"2566","level":"ม.6","schools_province":"สระแก้ว","totalmale":"412","totalfemale":"741","totalstd":"1153"},{"pp3year":"2566","level":"ม.6","schools_province":"สิงห์บุรี","totalmale":"55","totalfemale":"78","totalstd":"133"},{"pp3year":"2566","level":"ม.6","schools_province":"สุพรรณบุรี","totalmale":"1106","totalfemale":"1848","totalstd":"2954"},{"pp3year":"2566","level":"ม.6","schools_province":"สุราษฎร์ธานี","totalmale":"1487","totalfemale":"2474","totalstd":"3961"},{"pp3year":"2566","level":"ม.6","schools_province":"สุรินทร์","totalmale":"805","totalfemale":"2067","totalstd":"2872"},{"pp3year":"2566","level":"ม.6","schools_province":"สุโขทัย","totalmale":"799","totalfemale":"1008","totalstd":"1807"},{"pp3year":"2566","level":"ม.6","schools_province":"หนองคาย","totalmale":"488","totalfemale":"807","totalstd":"1295"},{"pp3year":"2566","level":"ม.6","schools_province":"หนองบัวลำภู","totalmale":"74","totalfemale":"95","totalstd":"169"},{"pp3year":"2566","level":"ม.6","schools_province":"อำนาจเจริญ","totalmale":"347","totalfemale":"586","totalstd":"933"},{"pp3year":"2566","level":"ม.6","schools_province":"อุดรธานี","totalmale":"947","totalfemale":"2019","totalstd":"2966"},{"pp3year":"2566","level":"ม.6","schools_province":"อุตรดิตถ์","totalmale":"318","totalfemale":"481","totalstd":"799"},{"pp3year":"2566","level":"ม.6","schools_province":"อุทัยธานี","totalmale":"265","totalfemale":"388","totalstd":"653"},{"pp3year":"2566","level":"ม.6","schools_province":"อุบลราชธานี","totalmale":"796","totalfemale":"1570","totalstd":"2366"},{"pp3year":"2566","level":"ม.6","schools_province":"อ่างทอง","totalmale":"430","totalfemale":"730","totalstd":"1160"},{"pp3year":"2566","level":"ม.6","schools_province":"เชียงราย","totalmale":"1045","totalfemale":"1687","totalstd":"2732"},{"pp3year":"2566","level":"ม.6","schools_province":"เชียงใหม่","totalmale":"852","totalfemale":"1411","totalstd":"2263"},{"pp3year":"2566","level":"ม.6","schools_province":"เพชรบุรี","totalmale":"350","totalfemale":"505","totalstd":"855"},{"pp3year":"2566","level":"ม.6","schools_province":"เพชรบูรณ์","totalmale":"394","totalfemale":"709","totalstd":"1103"},{"pp3year":"2566","level":"ม.6","schools_province":"เลย","totalmale":"529","totalfemale":"985","totalstd":"1514"},{"pp3year":"2566","level":"ม.6","schools_province":"แพร่","totalmale":"369","totalfemale":"878","totalstd":"1247"},{"pp3year":"2566","level":"ม.6","schools_province":"แม่ฮ่องสอน","totalmale":"336","totalfemale":"560","totalstd":"896"}]